t,v(tgt),v(txd),i(tgt),i(txd)
0.000000000000000e+00,2.260082741896697e-02,0.000000000000000e+00,-1.331980193300591e-03,1.331980193277988e-03
4.800000000000001e-10,2.260082495906700e-02,0.000000000000000e+00,-1.331980194037262e-03,1.331980219638616e-03
9.600000000000002e-10,2.260082470305924e-02,0.000000000000000e+00,-1.331980194112480e-03,1.331980196756634e-03
1.920000000000000e-09,2.260082464977258e-02,0.000000000000000e+00,-1.331980194128137e-03,1.331980191993859e-03
3.840000000000001e-09,2.260082469428454e-02,0.000000000000000e+00,-1.331980194115059e-03,1.331980195972309e-03
7.680000000000002e-09,2.260082465354105e-02,0.000000000000000e+00,-1.331980194127030e-03,1.331980192330684e-03
1.536000000000000e-08,2.260082469253475e-02,0.000000000000000e+00,-1.331980194115573e-03,1.331980195815943e-03
3.072000000000001e-08,2.260082465438417e-02,0.000000000000000e+00,-1.331980194126782e-03,1.331980192406047e-03
6.144000000000001e-08,2.260082469212104e-02,0.000000000000000e+00,-1.331980194115695e-03,1.331980195778940e-03
1.094400000000000e-07,2.260082465460831e-02,0.000000000000000e+00,-1.331980194126716e-03,1.331980192426084e-03
1.574400000000000e-07,2.260082469194706e-02,0.000000000000000e+00,-1.331980194115746e-03,1.331980195763396e-03
2.054400000000000e-07,2.260082465478126e-02,0.000000000000000e+00,-1.331980194126665e-03,1.331980192441554e-03
2.534400000000000e-07,2.260082469177458e-02,0.000000000000000e+00,-1.331980194115796e-03,1.331980195748004e-03
3.014400000000000e-07,2.260082465495306e-02,0.000000000000000e+00,-1.331980194126615e-03,1.331980192456884e-03
3.494400000000000e-07,2.260082469160348e-02,0.000000000000000e+00,-1.331980194115846e-03,1.331980195732746e-03
3.974400000000000e-07,2.260082465512278e-02,0.000000000000000e+00,-1.331980194126565e-03,1.331980192472071e-03
4.454400000000000e-07,2.260082469143460e-02,0.000000000000000e+00,-1.331980194115896e-03,1.331980195717630e-03
4.934400000000001e-07,2.260082465529093e-02,0.000000000000000e+00,-1.331980194126516e-03,1.331980192487118e-03
5.414400000000001e-07,2.260082469126734e-02,0.000000000000000e+00,-1.331980194115945e-03,1.331980195702651e-03
5.894400000000001e-07,2.260082465545791e-02,0.000000000000000e+00,-1.331980194126467e-03,1.331980192502018e-03
6.374400000000001e-07,2.260082469110129e-02,0.000000000000000e+00,-1.331980194115994e-03,1.331980195687818e-03
6.854400000000001e-07,2.260082465562317e-02,0.000000000000000e+00,-1.331980194126418e-03,1.331980192516791e-03
7.334400000000001e-07,2.260082469093679e-02,0.000000000000000e+00,-1.331980194116042e-03,1.331980195673120e-03
7.814400000000001e-07,2.260082465578681e-02,0.000000000000000e+00,-1.331980194126370e-03,1.331980192531426e-03
8.294400000000001e-07,2.260082469077380e-02,0.000000000000000e+00,-1.331980194116090e-03,1.331980195658555e-03
8.774400000000001e-07,2.260082465594914e-02,0.000000000000000e+00,-1.331980194126322e-03,1.331980192545921e-03
9.254400000000001e-07,2.260082469061239e-02,0.000000000000000e+00,-1.331980194116138e-03,1.331980195644124e-03
9.734400000000001e-07,2.260082465610960e-02,0.000000000000000e+00,-1.331980194126275e-03,1.331980192560280e-03
1.021440000000000e-06,2.260082469045244e-02,0.000000000000000e+00,-1.331980194116185e-03,1.331980195629829e-03
1.069440000000000e-06,2.260082465626875e-02,0.000000000000000e+00,-1.331980194126228e-03,1.331980192574508e-03
1.117440000000000e-06,2.260082469029409e-02,0.000000000000000e+00,-1.331980194116231e-03,1.331980195615659e-03
1.165440000000000e-06,2.260082465642647e-02,0.000000000000000e+00,-1.331980194126182e-03,1.331980192588609e-03
1.213440000000000e-06,2.260082469013693e-02,0.000000000000000e+00,-1.331980194116277e-03,1.331980195601627e-03
1.261440000000000e-06,2.260082465658310e-02,0.000000000000000e+00,-1.331980194126136e-03,1.331980192602578e-03
1.309440000000000e-06,2.260082468998118e-02,0.000000000000000e+00,-1.331980194116323e-03,1.331980195587728e-03
1.357440000000000e-06,2.260082465673777e-02,0.000000000000000e+00,-1.331980194126090e-03,1.331980192616413e-03
1.405440000000000e-06,2.260082468982696e-02,0.000000000000000e+00,-1.331980194116368e-03,1.331980195573950e-03
1.453440000000000e-06,2.260082465689130e-02,0.000000000000000e+00,-1.331980194126046e-03,1.331980192630124e-03
1.501440000000000e-06,2.260082468967445e-02,0.000000000000000e+00,-1.331980194116413e-03,1.331980195560309e-03
1.549440000000000e-06,2.260082465704337e-02,0.000000000000000e+00,-1.331980194126001e-03,1.331980192643706e-03
1.597440000000000e-06,2.260082468952322e-02,0.000000000000000e+00,-1.331980194116458e-03,1.331980195546790e-03
1.645440000000000e-06,2.260082465719364e-02,0.000000000000000e+00,-1.331980194125957e-03,1.331980192657173e-03
1.693440000000000e-06,2.260082468937361e-02,0.000000000000000e+00,-1.331980194116502e-03,1.331980195533388e-03
1.741440000000000e-06,2.260082465734276e-02,0.000000000000000e+00,-1.331980194125913e-03,1.331980192670498e-03
1.789440000000000e-06,2.260082468922501e-02,0.000000000000000e+00,-1.331980194116545e-03,1.331980195520115e-03
1.837440000000000e-06,2.260082465749037e-02,0.000000000000000e+00,-1.331980194125869e-03,1.331980192683711e-03
1.885440000000000e-06,2.260082468907787e-02,0.000000000000000e+00,-1.331980194116588e-03,1.331980195506971e-03
1.933440000000000e-06,2.260082465763726e-02,0.000000000000000e+00,-1.331980194125826e-03,1.331980192696801e-03
1.981440000000000e-06,2.260082468893190e-02,0.000000000000000e+00,-1.331980194116631e-03,1.331980195493941e-03
2.029440000000001e-06,2.260082465778230e-02,0.000000000000000e+00,-1.331980194125784e-03,1.331980192709763e-03
2.077440000000001e-06,2.260082468878800e-02,0.000000000000000e+00,-1.331980194116674e-03,1.331980195481036e-03
2.125440000000001e-06,2.260082465792588e-02,0.000000000000000e+00,-1.331980194125741e-03,1.331980192722609e-03
2.173440000000001e-06,2.260082468864469e-02,0.000000000000000e+00,-1.331980194116716e-03,1.331980195468255e-03
2.221440000000002e-06,2.260082465806831e-02,0.000000000000000e+00,-1.331980194125700e-03,1.331980192735337e-03
2.269440000000002e-06,2.260082468850311e-02,0.000000000000000e+00,-1.331980194116757e-03,1.331980195455589e-03
2.317440000000002e-06,2.260082465820924e-02,0.000000000000000e+00,-1.331980194125658e-03,1.331980192747950e-03
2.365440000000002e-06,2.260082468836229e-02,0.000000000000000e+00,-1.331980194116799e-03,1.331980195443032e-03
2.413440000000002e-06,2.260082465834943e-02,0.000000000000000e+00,-1.331980194125617e-03,1.331980192760440e-03
2.461440000000003e-06,2.260082468822353e-02,0.000000000000000e+00,-1.331980194116840e-03,1.331980195430592e-03
2.509440000000003e-06,2.260082465848784e-02,0.000000000000000e+00,-1.331980194125576e-03,1.331980192772821e-03
2.557440000000003e-06,2.260082468808553e-02,0.000000000000000e+00,-1.331980194116880e-03,1.331980195418274e-03
2.605440000000003e-06,2.260082465862463e-02,0.000000000000000e+00,-1.331980194125536e-03,1.331980192785087e-03
2.653440000000004e-06,2.260082468794872e-02,0.000000000000000e+00,-1.331980194116920e-03,1.331980195406064e-03
2.701440000000004e-06,2.260082465876095e-02,0.000000000000000e+00,-1.331980194125496e-03,1.331980192797241e-03
2.749440000000004e-06,2.260082468781349e-02,0.000000000000000e+00,-1.331980194116960e-03,1.331980195393977e-03
2.797440000000004e-06,2.260082465889519e-02,0.000000000000000e+00,-1.331980194125457e-03,1.331980192809269e-03
2.845440000000004e-06,2.260082468767923e-02,0.000000000000000e+00,-1.331980194116999e-03,1.331980195381987e-03
2.893440000000005e-06,2.260082465902866e-02,0.000000000000000e+00,-1.331980194125417e-03,1.331980192821196e-03
2.941440000000005e-06,2.260082468754696e-02,0.000000000000000e+00,-1.331980194117038e-03,1.331980195370121e-03
2.989440000000005e-06,2.260082465916116e-02,0.000000000000000e+00,-1.331980194125379e-03,1.331980192833014e-03
3.037440000000005e-06,2.260082468741508e-02,0.000000000000000e+00,-1.331980194117077e-03,1.331980195358362e-03
3.085440000000005e-06,2.260082465929196e-02,0.000000000000000e+00,-1.331980194125340e-03,1.331980192844718e-03
3.133440000000006e-06,2.260082468728479e-02,0.000000000000000e+00,-1.331980194117115e-03,1.331980195346707e-03
3.181440000000006e-06,2.260082465942186e-02,0.000000000000000e+00,-1.331980194125302e-03,1.331980192856316e-03
3.229440000000006e-06,2.260082468715551e-02,0.000000000000000e+00,-1.331980194117153e-03,1.331980195335160e-03
3.277440000000006e-06,2.260082465955033e-02,0.000000000000000e+00,-1.331980194125264e-03,1.331980192867808e-03
3.325440000000007e-06,2.260082468702755e-02,0.000000000000000e+00,-1.331980194117191e-03,1.331980195323724e-03
3.373440000000007e-06,2.260082465967781e-02,0.000000000000000e+00,-1.331980194125226e-03,1.331980192879196e-03
3.421440000000007e-06,2.260082468690089e-02,0.000000000000000e+00,-1.331980194117228e-03,1.331980195312392e-03
3.469440000000007e-06,2.260082465980384e-02,0.000000000000000e+00,-1.331980194125190e-03,1.331980192890469e-03
3.517440000000007e-06,2.260082468677519e-02,0.000000000000000e+00,-1.331980194117265e-03,1.331980195301159e-03
3.565440000000008e-06,2.260082465992934e-02,0.000000000000000e+00,-1.331980194125153e-03,1.331980192901646e-03
3.613440000000008e-06,2.260082468665079e-02,0.000000000000000e+00,-1.331980194117302e-03,1.331980195290045e-03
3.661440000000008e-06,2.260082466005293e-02,0.000000000000000e+00,-1.331980194125116e-03,1.331980192912726e-03
3.709440000000008e-06,2.260082468652732e-02,0.000000000000000e+00,-1.331980194117338e-03,1.331980195279027e-03
3.757440000000009e-06,2.260082466017543e-02,0.000000000000000e+00,-1.331980194125080e-03,1.331980192923689e-03
3.805440000000009e-06,2.260082468640542e-02,0.000000000000000e+00,-1.331980194117374e-03,1.331980195268103e-03
3.853440000000009e-06,2.260082466029752e-02,0.000000000000000e+00,-1.331980194125045e-03,1.331980192934552e-03
3.901440000000009e-06,2.260082468628446e-02,0.000000000000000e+00,-1.331980194117409e-03,1.331980195257289e-03
3.949440000000009e-06,2.260082466041756e-02,0.000000000000000e+00,-1.331980194125009e-03,1.331980192945326e-03
3.997440000000010e-06,2.260082468616454e-02,0.000000000000000e+00,-1.331980194117445e-03,1.331980195246560e-03
4.000000000000000e-06,2.260082466154984e-02,0.000000000000000e+00,-1.331980194124677e-03,1.331980193046511e-03
4.000107962638912e-06,2.952870571728936e-02,1.079626389119604e-02,-1.329891512294508e-03,1.009045285943244e-03
4.000323887916736e-06,4.807579528822011e-02,3.238879167358812e-02,-1.324335944319708e-03,7.862234716482799e-04
4.000755738472384e-06,9.205380983911862e-02,7.557384723845699e-02,-1.311195481836816e-03,8.309460702471093e-04
4.001320185895266e-06,1.479992542110162e-01,1.320185895265700e-01,-1.294474027054903e-03,7.835692209517426e-04
4.002308421423922e-06,2.469464328121104e-01,2.308421423922111e-01,-1.264906321848048e-03,7.745601531488847e-04
4.004284892481234e-06,4.439909952269978e-01,4.284892481234086e-01,-1.206030184529811e-03,6.994249340697995e-04
4.008237834595859e-06,8.387080456301627e-01,8.237834595858883e-01,-1.088132392630892e-03,5.961977215223832e-04
4.016143718825107e-06,1.626573703337296e+00,1.614371882510763e+00,-8.530052698654820e-04,3.483839115531392e-04
4.031955487283606e-06,3.182274542622255e+00,3.195548728360597e+00,-3.905053905687710e-04,-8.876120202829657e-05
4.050000000000000e-06,4.230532964794548e+00,5.000000000000000e+00,-8.930465627357336e-05,-1.235795216893197e-05
4.053162353691700e-06,4.282966440388400e+00,5.000000000000000e+00,-7.730298594204167e-05,-5.599629347842949e-06
4.059487061075099e-06,4.375336079537872e+00,5.000000000000000e+00,-6.280474889809405e-05,-3.383562322928189e-07
4.072136475841897e-06,4.516385146841063e+00,5.000000000000000e+00,-4.836239360563141e-05,-9.078061364858946e-10
4.097435305375494e-06,4.711680160812285e+00,5.000000000000000e+00,-2.883198423678885e-05,-2.969740625549793e-14
4.145435305375495e-06,4.898698405167460e+00,5.000000000000000e+00,-1.013015958455468e-05,8.199059571606781e-19
4.193435305375495e-06,4.964407516217057e+00,5.000000000000000e+00,-3.559248413885800e-06,9.251541373538111e-19
4.241435305375495e-06,4.987494500604458e+00,5.000000000000000e+00,-1.250549952059319e-06,2.362658864969000e-19
4.289435305375495e-06,4.995606143565236e+00,5.000000000000000e+00,-4.393856478704904e-07,-4.744752995838509e-20
4.337435305375495e-06,4.998456180210083e+00,5.000000000000000e+00,-1.543819805353494e-07,-4.851873701543950e-20
4.385435305375496e-06,4.999457544411668e+00,5.000000000000000e+00,-5.424555937565915e-08,-2.201821828159888e-20
4.433435305375496e-06,4.999809375068312e+00,5.000000000000000e+00,-1.906249335931112e-08,-8.403521644702073e-21
4.481435305375496e-06,4.999932991241888e+00,5.000000000000000e+00,-6.700875878153968e-09,-3.038684864539158e-21
4.529435305375496e-06,4.999976423950439e+00,5.000000000000000e+00,-2.357604979730948e-09,-1.079689341401395e-21
4.577435305375497e-06,4.999991684090900e+00,5.000000000000000e+00,-8.315909181969353e-10,-3.821512293393636e-22
4.625435305375497e-06,4.999997045761740e+00,5.000000000000000e+00,-2.954238290629740e-10,-1.359244250497559e-22
4.673435305375497e-06,4.999998929591986e+00,5.000000000000000e+00,-1.070408024370084e-10,-4.927004959115321e-23
4.721435305375497e-06,4.999999591478272e+00,5.000000000000000e+00,-4.085217320676238e-11,-1.880622487435250e-23
4.769435305375497e-06,4.999999824032908e+00,5.000000000000000e+00,-1.759670935439633e-11,-8.101474637925470e-24
4.817435305375498e-06,4.999999905741292e+00,5.000000000000000e+00,-9.425870782682477e-12,-4.339531777533645e-24
4.865435305375498e-06,4.999999934449643e+00,5.000000000000000e+00,-6.555035702605905e-12,-3.018130596720558e-24
4.913435305375498e-06,4.999999944536360e+00,5.000000000000000e+00,-5.546363932365517e-12,-2.553086985812424e-24
4.961435305375498e-06,4.999999948080341e+00,5.000000000000000e+00,-5.191965889335404e-12,-2.390569559904284e-24
5.009435305375499e-06,4.999999949325524e+00,5.000000000000000e+00,-5.067447655070223e-12,-2.333191860570647e-24
5.057435305375499e-06,4.999999949763020e+00,5.000000000000000e+00,-5.023697929006088e-12,-2.312427463823420e-24
5.105435305375499e-06,4.999999949916735e+00,5.000000000000000e+00,-5.008326435865240e-12,-2.305823071021103e-24
5.153435305375499e-06,4.999999949970743e+00,5.000000000000000e+00,-5.002925699583438e-12,-2.302901672570036e-24
5.201435305375499e-06,4.999999949989718e+00,5.000000000000000e+00,-5.001028237361371e-12,-2.302645933725325e-24
5.249435305375500e-06,4.999999949996386e+00,5.000000000000000e+00,-5.000361344605075e-12,-2.302027170952792e-24
5.297435305375500e-06,4.999999949998729e+00,5.000000000000000e+00,-5.000127048515601e-12,-2.301714141084839e-24
5.345435305375500e-06,4.999999949999553e+00,5.000000000000000e+00,-5.000044757570710e-12,-2.301677409748940e-24
5.393435305375500e-06,4.999999949999842e+00,5.000000000000000e+00,-5.000015809372704e-12,-2.302124841793620e-24
5.441435305375500e-06,4.999999949999943e+00,5.000000000000000e+00,-5.000005617872283e-12,-2.302155065027051e-24
5.489435305375501e-06,4.999999949999978e+00,5.000000000000000e+00,-5.000002148425331e-12,-2.302110099955454e-24
5.537435305375501e-06,4.999999949999991e+00,5.000000000000000e+00,-5.000000955802941e-12,-2.301796872872274e-24
5.585435305375501e-06,4.999999949999995e+00,5.000000000000000e+00,-5.000000522122072e-12,-2.301701124879903e-24
5.633435305375501e-06,4.999999949999998e+00,5.000000000000000e+00,-5.000000196861420e-12,-2.301666267088654e-24
5.681435305375502e-06,4.999999949999999e+00,5.000000000000000e+00,-5.000000088441203e-12,-2.301674895254805e-24
5.729435305375502e-06,4.999999949999999e+00,5.000000000000000e+00,-5.000000088441203e-12,-2.301666217784847e-24
5.777435305375502e-06,4.999999949999999e+00,5.000000000000000e+00,-5.000000088441203e-12,-2.301657491011083e-24
5.825435305375502e-06,4.999999949999999e+00,5.000000000000000e+00,-5.000000088441203e-12,-2.301657491011083e-24
5.873435305375502e-06,4.999999949999999e+00,5.000000000000000e+00,-5.000000088441203e-12,-2.301657491011083e-24
5.921435305375503e-06,4.999999949999999e+00,5.000000000000000e+00,-5.000000088441203e-12,-2.301657491011083e-24
5.969435305375503e-06,4.999999949999999e+00,5.000000000000000e+00,-5.000000088441203e-12,-2.301657491011083e-24
6.017435305375503e-06,4.999999949999999e+00,5.000000000000000e+00,-5.000000088441203e-12,-2.301657491011083e-24
6.065435305375503e-06,4.999999949999999e+00,5.000000000000000e+00,-5.000000088441203e-12,-2.301657491011083e-24
6.113435305375504e-06,4.999999949999999e+00,5.000000000000000e+00,-5.000000088441203e-12,-2.301657491011083e-24
6.161435305375504e-06,4.999999949999999e+00,5.000000000000000e+00,-5.000000088441203e-12,-2.301657491011083e-24
6.209435305375504e-06,4.999999949999999e+00,5.000000000000000e+00,-5.000000088441203e-12,-2.301657491011083e-24
6.257435305375504e-06,4.999999949999999e+00,5.000000000000000e+00,-5.000000088441203e-12,-2.301657491011083e-24
6.305435305375504e-06,4.999999949999999e+00,5.000000000000000e+00,-5.000000088441203e-12,-2.301657491011083e-24
6.353435305375505e-06,4.999999949999999e+00,5.000000000000000e+00,-5.000000088441203e-12,-2.301657491011083e-24
6.401435305375505e-06,4.999999949999999e+00,5.000000000000000e+00,-5.000000088441203e-12,-2.301657491011083e-24
6.449435305375505e-06,4.999999949999999e+00,5.000000000000000e+00,-5.000000088441203e-12,-2.301657491011083e-24
6.497435305375505e-06,4.999999949999999e+00,5.000000000000000e+00,-5.000000088441203e-12,-2.301657491011083e-24
6.545435305375505e-06,4.999999949999999e+00,5.000000000000000e+00,-5.000000088441203e-12,-2.301657491011083e-24
6.593435305375506e-06,4.999999949999999e+00,5.000000000000000e+00,-5.000000088441203e-12,-2.301657491011083e-24
6.641435305375506e-06,4.999999949999999e+00,5.000000000000000e+00,-5.000000088441203e-12,-2.301657491011083e-24
6.689435305375506e-06,4.999999949999999e+00,5.000000000000000e+00,-5.000000088441203e-12,-2.301657491011083e-24
6.737435305375506e-06,4.999999949999999e+00,5.000000000000000e+00,-5.000000088441203e-12,-2.301657491011083e-24
6.785435305375507e-06,4.999999949999999e+00,5.000000000000000e+00,-5.000000088441203e-12,-2.301657491011083e-24
6.833435305375507e-06,4.999999949999999e+00,5.000000000000000e+00,-5.000000088441203e-12,-2.301657491011083e-24
6.881435305375507e-06,4.999999949999999e+00,5.000000000000000e+00,-5.000000088441203e-12,-2.301657491011083e-24
6.929435305375507e-06,4.999999949999999e+00,5.000000000000000e+00,-5.000000088441203e-12,-2.301657491011083e-24
6.977435305375507e-06,4.999999949999999e+00,5.000000000000000e+00,-5.000000088441203e-12,-2.301657491011083e-24
7.025435305375508e-06,4.999999949999999e+00,5.000000000000000e+00,-5.000000088441203e-12,-2.301657491011083e-24
7.073435305375508e-06,4.999999949999999e+00,5.000000000000000e+00,-5.000000088441203e-12,-2.301657491011083e-24
7.121435305375508e-06,4.999999949999999e+00,5.000000000000000e+00,-5.000000088441203e-12,-2.301657491011083e-24
7.169435305375508e-06,4.999999949999999e+00,5.000000000000000e+00,-5.000000088441203e-12,-2.301657491011083e-24
7.217435305375509e-06,4.999999949999999e+00,5.000000000000000e+00,-5.000000088441203e-12,-2.301657491011083e-24
7.265435305375509e-06,4.999999949999999e+00,5.000000000000000e+00,-5.000000088441203e-12,-2.301657491011083e-24
7.313435305375509e-06,4.999999949999999e+00,5.000000000000000e+00,-5.000000088441203e-12,-2.301657491011083e-24
7.361435305375509e-06,4.999999949999999e+00,5.000000000000000e+00,-5.000000088441203e-12,-2.301657491011083e-24
7.409435305375509e-06,4.999999949999999e+00,5.000000000000000e+00,-5.000000088441203e-12,-2.301657491011083e-24
7.457435305375510e-06,4.999999949999999e+00,5.000000000000000e+00,-5.000000088441203e-12,-2.301657491011083e-24
7.505435305375510e-06,4.999999949999999e+00,5.000000000000000e+00,-5.000000088441203e-12,-2.301657491011083e-24
7.553435305375510e-06,4.999999949999999e+00,5.000000000000000e+00,-5.000000088441203e-12,-2.301657491011083e-24
7.601435305375510e-06,4.999999949999999e+00,5.000000000000000e+00,-5.000000088441203e-12,-2.301657491011083e-24
7.649435305375510e-06,4.999999949999999e+00,5.000000000000000e+00,-5.000000088441203e-12,-2.301657491011083e-24
7.697435305375511e-06,4.999999949999999e+00,5.000000000000000e+00,-5.000000088441203e-12,-2.301657491011083e-24
7.745435305375511e-06,4.999999949999999e+00,5.000000000000000e+00,-5.000000088441203e-12,-2.301657491011083e-24
7.793435305375511e-06,4.999999949999999e+00,5.000000000000000e+00,-5.000000088441203e-12,-2.301657491011083e-24
7.841435305375511e-06,4.999999949999999e+00,5.000000000000000e+00,-5.000000088441203e-12,-2.301657491011083e-24
7.889435305375512e-06,4.999999949999999e+00,5.000000000000000e+00,-5.000000088441203e-12,-2.301657491011083e-24
7.937435305375512e-06,4.999999949999999e+00,5.000000000000000e+00,-5.000000088441203e-12,-2.301657491011083e-24
7.985435305375512e-06,4.999999949999999e+00,5.000000000000000e+00,-5.000000088441203e-12,-2.301657491011083e-24
8.033435305375512e-06,4.999999949999999e+00,5.000000000000000e+00,-5.000000088441203e-12,-2.301657491011083e-24
8.081435305375512e-06,4.999999949999999e+00,5.000000000000000e+00,-5.000000088441203e-12,-2.301657491011083e-24
8.129435305375513e-06,4.999999949999999e+00,5.000000000000000e+00,-5.000000088441203e-12,-2.301657491011083e-24
8.177435305375513e-06,4.999999949999999e+00,5.000000000000000e+00,-5.000000088441203e-12,-2.301657491011083e-24
8.225435305375513e-06,4.999999949999999e+00,5.000000000000000e+00,-5.000000088441203e-12,-2.301657491011083e-24
8.273435305375513e-06,4.999999949999999e+00,5.000000000000000e+00,-5.000000088441203e-12,-2.301657491011083e-24
8.321435305375514e-06,4.999999949999999e+00,5.000000000000000e+00,-5.000000088441203e-12,-2.301657491011083e-24
8.369435305375514e-06,4.999999949999999e+00,5.000000000000000e+00,-5.000000088441203e-12,-2.301657491011083e-24
8.417435305375514e-06,4.999999949999999e+00,5.000000000000000e+00,-5.000000088441203e-12,-2.301657491011083e-24
8.465435305375514e-06,4.999999949999999e+00,5.000000000000000e+00,-5.000000088441203e-12,-2.301657491011083e-24
8.513435305375514e-06,4.999999949999999e+00,5.000000000000000e+00,-5.000000088441203e-12,-2.301657491011083e-24
8.561435305375515e-06,4.999999949999999e+00,5.000000000000000e+00,-5.000000088441203e-12,-2.301657491011083e-24
8.609435305375515e-06,4.999999949999999e+00,5.000000000000000e+00,-5.000000088441203e-12,-2.301657491011083e-24
8.657435305375515e-06,4.999999949999999e+00,5.000000000000000e+00,-5.000000088441203e-12,-2.301657491011083e-24
8.705435305375515e-06,4.999999949999999e+00,5.000000000000000e+00,-5.000000088441203e-12,-2.301657491011083e-24
8.753435305375516e-06,4.999999949999999e+00,5.000000000000000e+00,-5.000000088441203e-12,-2.301657491011083e-24
8.801435305375516e-06,4.999999949999999e+00,5.000000000000000e+00,-5.000000088441203e-12,-2.301657491011083e-24
8.849435305375516e-06,4.999999949999999e+00,5.000000000000000e+00,-5.000000088441203e-12,-2.301657491011083e-24
8.897435305375516e-06,4.999999949999999e+00,5.000000000000000e+00,-5.000000088441203e-12,-2.301657491011083e-24
8.945435305375516e-06,4.999999949999999e+00,5.000000000000000e+00,-5.000000088441203e-12,-2.301657491011083e-24
8.993435305375517e-06,4.999999949999999e+00,5.000000000000000e+00,-5.000000088441203e-12,-2.301657491011083e-24
9.041435305375517e-06,4.999999949999999e+00,5.000000000000000e+00,-5.000000088441203e-12,-2.301657491011083e-24
9.089435305375517e-06,4.999999949999999e+00,5.000000000000000e+00,-5.000000088441203e-12,-2.301657491011083e-24
9.137435305375517e-06,4.999999949999999e+00,5.000000000000000e+00,-5.000000088441203e-12,-2.301657491011083e-24
9.185435305375517e-06,4.999999949999999e+00,5.000000000000000e+00,-5.000000088441203e-12,-2.301657491011083e-24
9.233435305375518e-06,4.999999949999999e+00,5.000000000000000e+00,-5.000000088441203e-12,-2.301657491011083e-24
9.281435305375518e-06,4.999999949999999e+00,5.000000000000000e+00,-5.000000088441203e-12,-2.301657491011083e-24
9.329435305375518e-06,4.999999949999999e+00,5.000000000000000e+00,-5.000000088441203e-12,-2.301657491011083e-24
9.377435305375518e-06,4.999999949999999e+00,5.000000000000000e+00,-5.000000088441203e-12,-2.301657491011083e-24
9.425435305375519e-06,4.999999949999999e+00,5.000000000000000e+00,-5.000000088441203e-12,-2.301657491011083e-24
9.473435305375519e-06,4.999999949999999e+00,5.000000000000000e+00,-5.000000088441203e-12,-2.301657491011083e-24
9.521435305375519e-06,4.999999949999999e+00,5.000000000000000e+00,-5.000000088441203e-12,-2.301657491011083e-24
9.569435305375519e-06,4.999999949999999e+00,5.000000000000000e+00,-5.000000088441203e-12,-2.301657491011083e-24
9.617435305375519e-06,4.999999949999999e+00,5.000000000000000e+00,-5.000000088441203e-12,-2.301657491011083e-24
9.665435305375520e-06,4.999999949999999e+00,5.000000000000000e+00,-5.000000088441203e-12,-2.301657491011083e-24
9.713435305375520e-06,4.999999949999999e+00,5.000000000000000e+00,-5.000000088441203e-12,-2.301657491011083e-24
9.761435305375520e-06,4.999999949999999e+00,5.000000000000000e+00,-5.000000088441203e-12,-2.301657491011083e-24
9.809435305375520e-06,4.999999949999999e+00,5.000000000000000e+00,-5.000000088441203e-12,-2.301657491011083e-24
9.857435305375521e-06,4.999999949999999e+00,5.000000000000000e+00,-5.000000088441203e-12,-2.301657491011083e-24
9.905435305375521e-06,4.999999949999999e+00,5.000000000000000e+00,-5.000000088441203e-12,-2.301657491011083e-24
9.953435305375521e-06,4.999999949999999e+00,5.000000000000000e+00,-5.000000088441203e-12,-2.301657491011083e-24
1.000143530537552e-05,4.999999949999999e+00,5.000000000000000e+00,-5.000000088441203e-12,-2.301657491011083e-24
1.004943530537552e-05,4.999999949999999e+00,5.000000000000000e+00,-5.000000088441203e-12,-2.301657491011083e-24
1.009743530537552e-05,4.999999949999999e+00,5.000000000000000e+00,-5.000000088441203e-12,-2.301657491011083e-24
1.014543530537552e-05,4.999999949999999e+00,5.000000000000000e+00,-5.000000088441203e-12,-2.301657491011083e-24
1.019343530537552e-05,4.999999949999999e+00,5.000000000000000e+00,-5.000000088441203e-12,-2.301657491011083e-24
1.024143530537552e-05,4.999999949999999e+00,5.000000000000000e+00,-5.000000088441203e-12,-2.301657491011083e-24
1.028943530537552e-05,4.999999949999999e+00,5.000000000000000e+00,-5.000000088441203e-12,-2.301657491011083e-24
1.033743530537552e-05,4.999999949999999e+00,5.000000000000000e+00,-5.000000088441203e-12,-2.301657491011083e-24
1.038543530537552e-05,4.999999949999999e+00,5.000000000000000e+00,-5.000000088441203e-12,-2.301657491011083e-24
1.043343530537552e-05,4.999999949999999e+00,5.000000000000000e+00,-5.000000088441203e-12,-2.301657491011083e-24
1.048143530537552e-05,4.999999949999999e+00,5.000000000000000e+00,-5.000000088441203e-12,-2.301657491011083e-24
1.052943530537552e-05,4.999999949999999e+00,5.000000000000000e+00,-5.000000088441203e-12,-2.301657491011083e-24
1.057743530537552e-05,4.999999949999999e+00,5.000000000000000e+00,-5.000000088441203e-12,-2.301657491011083e-24
1.062543530537552e-05,4.999999949999999e+00,5.000000000000000e+00,-5.000000088441203e-12,-2.301657491011083e-24
1.067343530537552e-05,4.999999949999999e+00,5.000000000000000e+00,-5.000000088441203e-12,-2.301657491011083e-24
1.072143530537552e-05,4.999999949999999e+00,5.000000000000000e+00,-5.000000088441203e-12,-2.301657491011083e-24
1.076943530537552e-05,4.999999949999999e+00,5.000000000000000e+00,-5.000000088441203e-12,-2.301657491011083e-24
1.081743530537552e-05,4.999999949999999e+00,5.000000000000000e+00,-5.000000088441203e-12,-2.301657491011083e-24
1.086543530537553e-05,4.999999949999999e+00,5.000000000000000e+00,-5.000000088441203e-12,-2.301657491011083e-24
1.091343530537553e-05,4.999999949999999e+00,5.000000000000000e+00,-5.000000088441203e-12,-2.301657491011083e-24
1.096143530537553e-05,4.999999949999999e+00,5.000000000000000e+00,-5.000000088441203e-12,-2.301657491011083e-24
1.100943530537553e-05,4.999999949999999e+00,5.000000000000000e+00,-5.000000088441203e-12,-2.301657491011083e-24
1.105743530537553e-05,4.999999949999999e+00,5.000000000000000e+00,-5.000000088441203e-12,-2.301657491011083e-24
1.110543530537553e-05,4.999999949999999e+00,5.000000000000000e+00,-5.000000088441203e-12,-2.301657491011083e-24
1.115343530537553e-05,4.999999949999999e+00,5.000000000000000e+00,-5.000000088441203e-12,-2.301657491011083e-24
1.120143530537553e-05,4.999999949999999e+00,5.000000000000000e+00,-5.000000088441203e-12,-2.301657491011083e-24
1.124943530537553e-05,4.999999949999999e+00,5.000000000000000e+00,-5.000000088441203e-12,-2.301657491011083e-24
1.129743530537553e-05,4.999999949999999e+00,5.000000000000000e+00,-5.000000088441203e-12,-2.301657491011083e-24
1.134543530537553e-05,4.999999949999999e+00,5.000000000000000e+00,-5.000000088441203e-12,-2.301657491011083e-24
1.139343530537553e-05,4.999999949999999e+00,5.000000000000000e+00,-5.000000088441203e-12,-2.301657491011083e-24
1.144143530537553e-05,4.999999949999999e+00,5.000000000000000e+00,-5.000000088441203e-12,-2.301657491011083e-24
1.148943530537553e-05,4.999999949999999e+00,5.000000000000000e+00,-5.000000088441203e-12,-2.301657491011083e-24
1.153743530537553e-05,4.999999949999999e+00,5.000000000000000e+00,-5.000000088441203e-12,-2.301657491011083e-24
1.158543530537553e-05,4.999999949999999e+00,5.000000000000000e+00,-5.000000088441203e-12,-2.301657491011083e-24
1.163343530537553e-05,4.999999949999999e+00,5.000000000000000e+00,-5.000000088441203e-12,-2.301657491011083e-24
1.168143530537553e-05,4.999999949999999e+00,5.000000000000000e+00,-5.000000088441203e-12,-2.301657491011083e-24
1.172943530537553e-05,4.999999949999999e+00,5.000000000000000e+00,-5.000000088441203e-12,-2.301657491011083e-24
1.177743530537553e-05,4.999999949999999e+00,5.000000000000000e+00,-5.000000088441203e-12,-2.301657491011083e-24
1.182543530537553e-05,4.999999949999999e+00,5.000000000000000e+00,-5.000000088441203e-12,-2.301657491011083e-24
1.187343530537553e-05,4.999999949999999e+00,5.000000000000000e+00,-5.000000088441203e-12,-2.301657491011083e-24
1.192143530537553e-05,4.999999949999999e+00,5.000000000000000e+00,-5.000000088441203e-12,-2.301657491011083e-24
1.196943530537553e-05,4.999999949999999e+00,5.000000000000000e+00,-5.000000088441203e-12,-2.301657491011083e-24
1.201743530537553e-05,4.999999949999999e+00,5.000000000000000e+00,-5.000000088441203e-12,-2.301657491011083e-24
1.205000000000000e-05,4.999999949999999e+00,5.000000000000000e+00,-5.000000088441203e-12,-2.301657491011083e-24
1.205480000000000e-05,4.999999267914608e+00,4.519999999999964e+00,-8.147568156171431e-11,7.869812981710307e-10
1.206440000000000e-05,3.626147422724296e+00,3.559999999999892e+00,-2.604498802885204e-04,1.691544838229940e-03
1.207212917646587e-05,2.796781479948749e+00,2.787082353412921e+00,-5.047407141397635e-04,1.466784932220785e-04
1.208065248477482e-05,1.976861804867530e+00,1.934751522517705e+00,-7.487907856307315e-04,2.068826504739558e-03
1.209769910139273e-05,2.488988746450005e-01,2.300898607269364e-01,-1.264333817326065e-03,9.579672415786986e-04
1.210000000000000e-05,3.366667469678813e-02,0.000000000000000e+00,-1.328743692516443e-03,2.570536971566122e-03
1.210017396105642e-05,2.518277885444455e-02,0.000000000000000e+00,-1.331222301870338e-03,1.575066988036266e-03
1.210052188316925e-05,2.113667570595898e-02,0.000000000000000e+00,-1.332410602497705e-03,1.204859276184472e-03
1.210078716098701e-05,2.316653273197087e-02,0.000000000000000e+00,-1.331813999113932e-03,1.382847166300500e-03
1.210111633489317e-05,2.231813929586834e-02,0.000000000000000e+00,-1.332063256675872e-03,1.306803500404543e-03
1.210145472855418e-05,2.274233319785754e-02,0.000000000000000e+00,-1.331938618846521e-03,1.344662859462835e-03
1.210193379365275e-05,2.252340747857368e-02,0.000000000000000e+00,-1.332002869273072e-03,1.323848481851435e-03
1.210269791255904e-05,2.267451613093298e-02,0.000000000000000e+00,-1.331958517023941e-03,1.338135350238125e-03
1.210392476298605e-05,2.254629716702107e-02,0.000000000000000e+00,-1.331996200878947e-03,1.326864474350482e-03
1.210630212262294e-05,2.265540453896035e-02,0.000000000000000e+00,-1.331964144739515e-03,1.336636927736710e-03
1.211055262629852e-05,2.255312766064143e-02,0.000000000000000e+00,-1.331994199118195e-03,1.327562039037506e-03
1.211875388902961e-05,2.265059758794902e-02,0.000000000000000e+00,-1.331965561291197e-03,1.336278873863194e-03
1.213475195983029e-05,2.255498663945497e-02,0.000000000000000e+00,-1.331993653620670e-03,1.327740105052327e-03
1.216530344345326e-05,2.264938726269573e-02,0.000000000000000e+00,-1.331965917949615e-03,1.336188567605641e-03
1.221330344345326e-05,2.255509210857220e-02,0.000000000000000e+00,-1.331993625043616e-03,1.327790620166157e-03
1.226130344345326e-05,2.264813098503629e-02,0.000000000000000e+00,-1.331966291386512e-03,1.336149913119503e-03
1.230930344345326e-05,2.255503821206351e-02,0.000000000000000e+00,-1.331993643437712e-03,1.327829415987220e-03
1.235730344345326e-05,2.264768854624823e-02,0.000000000000000e+00,-1.331966421439273e-03,1.336111346691613e-03
1.240530344345326e-05,2.255545929180886e-02,0.000000000000000e+00,-1.331993519763254e-03,1.327867808893728e-03
1.245330344345326e-05,2.264724919817837e-02,0.000000000000000e+00,-1.331966550588557e-03,1.336073138515723e-03
1.250130344345326e-05,2.255587294108877e-02,0.000000000000000e+00,-1.331993398289504e-03,1.327905847037368e-03
1.254930344345326e-05,2.264681406720662e-02,0.000000000000000e+00,-1.331966678497416e-03,1.336035283636419e-03
1.259730344345326e-05,2.255628290284470e-02,0.000000000000000e+00,-1.331993277897905e-03,1.327943533372949e-03
1.264530344345326e-05,2.264638306530809e-02,0.000000000000000e+00,-1.331966805191974e-03,1.335997778804550e-03
1.269330344345326e-05,2.255668918053183e-02,0.000000000000000e+00,-1.331993158587609e-03,1.327980871155828e-03
1.274130344345326e-05,2.264595615247044e-02,0.000000000000000e+00,-1.331966930684009e-03,1.335960620784772e-03
1.278930344345326e-05,2.255709180642911e-02,0.000000000000000e+00,-1.331993040349153e-03,1.328017863608618e-03
1.283730344345326e-05,2.264553328900767e-02,0.000000000000000e+00,-1.331967054985202e-03,1.335923806371674e-03
1.288530344345326e-05,2.255749081233773e-02,0.000000000000000e+00,-1.331992923173213e-03,1.328054513924189e-03
1.293330344345326e-05,2.264511443563700e-02,0.000000000000000e+00,-1.331967178107113e-03,1.335887332389421e-03
1.298130344345326e-05,2.255788622980378e-02,0.000000000000000e+00,-1.331992807050540e-03,1.328090825265916e-03
1.302930344345326e-05,2.264469955347161e-02,0.000000000000000e+00,-1.331967300061187e-03,1.335851195691514e-03
1.307730344345326e-05,2.255827809011637e-02,0.000000000000000e+00,-1.331992691971961e-03,1.328126800767963e-03
1.312530344345326e-05,2.264428860401843e-02,0.000000000000000e+00,-1.331967420858754e-03,1.335815393160488e-03
1.317330344345326e-05,2.255866642431223e-02,0.000000000000000e+00,-1.331992577928377e-03,1.328162443535548e-03
1.322130344345326e-05,2.264388154917048e-02,0.000000000000000e+00,-1.331967540511028e-03,1.335779921707643e-03
1.326930344345326e-05,2.255905126317481e-02,0.000000000000000e+00,-1.331992464910762e-03,1.328197756645195e-03
1.331730344345326e-05,2.264347835120453e-02,0.000000000000000e+00,-1.331967659029112e-03,1.335744778272808e-03
1.336530344345326e-05,2.255943263723690e-02,0.000000000000000e+00,-1.331992352910164e-03,1.328232743145012e-03
1.341330344345326e-05,2.264307897277786e-02,0.000000000000000e+00,-1.331967776423994e-03,1.335709959824042e-03
1.346130344345326e-05,2.255981057678376e-02,0.000000000000000e+00,-1.331992241917702e-03,1.328267406054953e-03
1.350930344345326e-05,2.264268337692248e-02,0.000000000000000e+00,-1.331967892706555e-03,1.335675463357417e-03
1.355730344345326e-05,2.256018511185245e-02,0.000000000000000e+00,-1.331992131924571e-03,1.328301748367071e-03
1.360530344345326e-05,2.264229152704322e-02,0.000000000000000e+00,-1.331968007887565e-03,1.335641285896692e-03
1.365330344345326e-05,2.256055627223356e-02,0.000000000000000e+00,-1.331992022922033e-03,1.328335773045786e-03
1.370130344345326e-05,2.264190338691092e-02,0.000000000000000e+00,-1.331968121977683e-03,1.335607424493170e-03
1.374930344345326e-05,2.256092408747557e-02,0.000000000000000e+00,-1.331991914901425e-03,1.328369483028117e-03
1.379730344345327e-05,2.264151892066085e-02,0.000000000000000e+00,-1.331968234987466e-03,1.335573876225326e-03
1.384530344345327e-05,2.256128858688468e-02,0.000000000000000e+00,-1.331991807854154e-03,1.328402881223962e-03
1.389330344345327e-05,2.264113809278787e-02,0.000000000000000e+00,-1.331968346927361e-03,1.335540638198627e-03
1.394130344345327e-05,2.256164979952502e-02,0.000000000000000e+00,-1.331991701771696e-03,1.328435970516335e-03
1.398930344345327e-05,2.264076086814329e-02,0.000000000000000e+00,-1.331968457807711e-03,1.335507707545238e-03
1.403730344345327e-05,2.256200775422373e-02,0.000000000000000e+00,-1.331991596645598e-03,1.328468753761599e-03
1.408530344345327e-05,2.264038721192968e-02,0.000000000000000e+00,-1.331968567638757e-03,1.335475081423869e-03
1.413330344345327e-05,2.256236247956875e-02,0.000000000000000e+00,-1.331991492467477e-03,1.328501233789733e-03
1.418130344345327e-05,2.264001708969851e-02,0.000000000000000e+00,-1.331968676430635e-03,1.335442757019397e-03
1.422930344345327e-05,2.256271400391391e-02,0.000000000000000e+00,-1.331991389229018e-03,1.328533413404595e-03
1.427730344345327e-05,2.263965046734596e-02,0.000000000000000e+00,-1.331968784193381e-03,1.335410731542724e-03
1.432530344345327e-05,2.256306235537923e-02,0.000000000000000e+00,-1.331991286921974e-03,1.328565295384090e-03
1.437330344345327e-05,2.263928731110991e-02,0.000000000000000e+00,-1.331968890936929e-03,1.335379002230504e-03
1.442130344345327e-05,2.256340756185103e-02,0.000000000000000e+00,-1.331991185538168e-03,1.328596882480493e-03
1.446930344345327e-05,2.263892758756351e-02,0.000000000000000e+00,-1.331968996671116e-03,1.335347566344903e-03
1.451730344345327e-05,2.256374965098540e-02,0.000000000000000e+00,-1.331991085069487e-03,1.328628177420613e-03
1.456530344345327e-05,2.263857126361722e-02,0.000000000000000e+00,-1.331969101405678e-03,1.335316421173377e-03
1.461330344345327e-05,2.256408865021101e-02,0.000000000000000e+00,-1.331990985507889e-03,1.328659182906112e-03
1.466130344345327e-05,2.263821830650837e-02,0.000000000000000e+00,-1.331969205150256e-03,1.335285564028444e-03
1.470930344345327e-05,2.256442458672615e-02,0.000000000000000e+00,-1.331990886845395e-03,1.328689901613634e-03
1.475730344345327e-05,2.263786868380338e-02,0.000000000000000e+00,-1.331969307914392e-03,1.335254992247395e-03
1.480530344345327e-05,2.256475748750607e-02,0.000000000000000e+00,-1.331990789074095e-03,1.328720336195116e-03
1.485330344345327e-05,2.263752236339115e-02,0.000000000000000e+00,-1.331969409707535e-03,1.335224703192168e-03
1.490130344345327e-05,2.256508737929962e-02,0.000000000000000e+00,-1.331990692186143e-03,1.328750489278004e-03
1.494930344345327e-05,2.263717931348103e-02,0.000000000000000e+00,-1.331969510539039e-03,1.335194694249035e-03
1.499730344345327e-05,2.256541428863451e-02,0.000000000000000e+00,-1.331990596173758e-03,1.328780363465420e-03
1.504530344345327e-05,2.263683950259922e-02,0.000000000000000e+00,-1.331969610418165e-03,1.335164962828402e-03
1.509330344345327e-05,2.256573824181700e-02,0.000000000000000e+00,-1.331990501029226e-03,1.328809961336449e-03
1.514130344345327e-05,2.263650289958371e-02,0.000000000000000e+00,-1.331969709354082e-03,1.335135506364625e-03
1.518930344345327e-05,2.256605926493337e-02,0.000000000000000e+00,-1.331990406744894e-03,1.328839285446370e-03
1.523730344345327e-05,2.263616947358425e-02,0.000000000000000e+00,-1.331969807355865e-03,1.335106322315717e-03
1.528530344345327e-05,2.256637738385237e-02,0.000000000000000e+00,-1.331990313313174e-03,1.328868338326810e-03
1.533330344345327e-05,2.263583919405616e-02,0.000000000000000e+00,-1.331969904432503e-03,1.335077408163206e-03
1.538130344345327e-05,2.256669262422705e-02,0.000000000000000e+00,-1.331990220726542e-03,1.328897122486026e-03
1.542930344345327e-05,2.263551203075924e-02,0.000000000000000e+00,-1.331970000592892e-03,1.335048761411852e-03
1.547730344345327e-05,2.256700501149479e-02,0.000000000000000e+00,-1.331990128977538e-03,1.328925640409057e-03
1.552530344345327e-05,2.263518795375326e-02,0.000000000000000e+00,-1.331970095845842e-03,1.335020379589490e-03
1.557330344345327e-05,2.256731457087939e-02,0.000000000000000e+00,-1.331990038058760e-03,1.328953894558018e-03
1.562130344345327e-05,2.263486693339405e-02,0.000000000000000e+00,-1.331970190200074e-03,1.334992260246758e-03
1.566930344345327e-05,2.256762132739569e-02,0.000000000000000e+00,-1.331989947962872e-03,1.328981887372230e-03
1.571730344345327e-05,2.263454894033342e-02,0.000000000000000e+00,-1.331970283664221e-03,1.334964400956967e-03
1.576530344345327e-05,2.256792530584518e-02,0.000000000000000e+00,-1.331989858682599e-03,1.329009621268506e-03
1.581330344345327e-05,2.263423394551242e-02,0.000000000000000e+00,-1.331970376246835e-03,1.334936799315794e-03
1.586130344345327e-05,2.256822653082335e-02,0.000000000000000e+00,-1.331989770210725e-03,1.329037098641295e-03
1.590930344345327e-05,2.263392192016152e-02,0.000000000000000e+00,-1.331970467956379e-03,1.334909452941173e-03
1.595730344345327e-05,2.256852502671672e-02,0.000000000000000e+00,-1.331989682540097e-03,1.329064321862907e-03
1.600530344345327e-05,2.263361283579549e-02,0.000000000000000e+00,-1.331970558801232e-03,1.334882359473000e-03
1.605330344345327e-05,2.256882081770773e-02,0.000000000000000e+00,-1.331989595663620e-03,1.329091293283761e-03
1.610130344345327e-05,2.263330666421011e-02,0.000000000000000e+00,-1.331970648789693e-03,1.334855516573001e-03
1.614930344345327e-05,2.256911392777478e-02,0.000000000000000e+00,-1.331989509574261e-03,1.329118015232509e-03
1.619730344345327e-05,2.263300337748203e-02,0.000000000000000e+00,-1.331970737929977e-03,1.334828921924508e-03
1.624530344345327e-05,2.256940438069369e-02,0.000000000000000e+00,-1.331989424265044e-03,1.329144490016318e-03
1.629330344345327e-05,2.263270294796285e-02,0.000000000000000e+00,-1.331970826230217e-03,1.334802573232238e-03
1.634130344345327e-05,2.256969220003911e-02,0.000000000000000e+00,-1.331989339729053e-03,1.329170719920991e-03
1.638930344345328e-05,2.263240534827757e-02,0.000000000000000e+00,-1.331970913698466e-03,1.334776468222117e-03
1.643730344345328e-05,2.256997740918587e-02,0.000000000000000e+00,-1.331989255959431e-03,1.329196707211225e-03
1.648530344345328e-05,2.263211055132153e-02,0.000000000000000e+00,-1.331971000342699e-03,1.334750604641097e-03
1.653330344345328e-05,2.257026003131275e-02,0.000000000000000e+00,-1.331989172949377e-03,1.329222454130787e-03
1.658130344345328e-05,2.263181853025752e-02,0.000000000000000e+00,-1.331971086170810e-03,1.334724980256917e-03
1.662930344345328e-05,2.257054008939994e-02,0.000000000000000e+00,-1.331989090692149e-03,1.329247962902684e-03
1.667730344345328e-05,2.263152925851408e-02,0.000000000000000e+00,-1.331971171190615e-03,1.334699592857990e-03
1.672530344345328e-05,2.257081760623438e-02,0.000000000000000e+00,-1.331989009181062e-03,1.329273235729393e-03
1.677330344345328e-05,2.263124270978074e-02,0.000000000000000e+00,-1.331971255409856e-03,1.334674440253098e-03
1.682130344345328e-05,2.257109260440866e-02,0.000000000000000e+00,-1.331988928409488e-03,1.329298274793005e-03
1.686930344345328e-05,2.263095885800728e-02,0.000000000000000e+00,-1.331971338836195e-03,1.334649520271318e-03
1.691730344345328e-05,2.257136510632312e-02,0.000000000000000e+00,-1.331988848370854e-03,1.329323082255469e-03
1.696530344345328e-05,2.263067767739863e-02,0.000000000000000e+00,-1.331971421477219e-03,1.334624830761762e-03
1.701330344345328e-05,2.257163513418877e-02,0.000000000000000e+00,-1.331988769058644e-03,1.329347660258736e-03
1.706130344345328e-05,2.263039914241498e-02,0.000000000000000e+00,-1.331971503340443e-03,1.334600369593438e-03
1.710930344345328e-05,2.257190271002627e-02,0.000000000000000e+00,-1.331988690466396e-03,1.329372010924951e-03
1.715730344345328e-05,2.263012322776818e-02,0.000000000000000e+00,-1.331971584433304e-03,1.334576134655020e-03
1.720530344345328e-05,2.257216785566960e-02,0.000000000000000e+00,-1.331988612587705e-03,1.329396136356642e-03
1.725330344345328e-05,2.262984990841833e-02,0.000000000000000e+00,-1.331971664763169e-03,1.334552123854721e-03
1.730130344345328e-05,2.257243059276603e-02,0.000000000000000e+00,-1.331988535416218e-03,1.329420038636904e-03
1.734930344345328e-05,2.262957915957071e-02,0.000000000000000e+00,-1.331971744337330e-03,1.334528335120031e-03
1.739730344345328e-05,2.257269094277800e-02,0.000000000000000e+00,-1.331988458945639e-03,1.329443719829575e-03
1.744530344345328e-05,2.262931095667626e-02,0.000000000000000e+00,-1.331971823163009e-03,1.334504766397645e-03
1.749330344345328e-05,2.257294892698490e-02,0.000000000000000e+00,-1.331988383169723e-03,1.329467181979400e-03
1.754130344345328e-05,2.262904527542529e-02,0.000000000000000e+00,-1.331971901247357e-03,1.334481415653221e-03
1.758930344345328e-05,2.257320456648412e-02,0.000000000000000e+00,-1.331988308082280e-03,1.329490427112243e-03
1.763730344345328e-05,2.262878209174812e-02,0.000000000000000e+00,-1.331971978597454e-03,1.334458280871191e-03
1.768530344345328e-05,2.257345788219240e-02,0.000000000000000e+00,-1.331988233677172e-03,1.329513457235225e-03
1.773330344345328e-05,2.262852138181061e-02,0.000000000000000e+00,-1.331972055220310e-03,1.334435360054636e-03
1.778130344345328e-05,2.257370889484771e-02,0.000000000000000e+00,-1.331988159948315e-03,1.329536274336904e-03
1.782930344345328e-05,2.262826312201190e-02,0.000000000000000e+00,-1.331972131122868e-03,1.334412651225078e-03
1.787730344345328e-05,2.257395762500942e-02,0.000000000000000e+00,-1.331988086889675e-03,1.329558880387470e-03
1.792530344345328e-05,2.262800728898377e-02,0.000000000000000e+00,-1.331972206312000e-03,1.334390152422347e-03
1.797330344345328e-05,2.257420409306140e-02,0.000000000000000e+00,-1.331988014495271e-03,1.329581277338877e-03
1.802130344345328e-05,2.262775385958608e-02,0.000000000000000e+00,-1.331972280794514e-03,1.334367861704348e-03
1.806930344345328e-05,2.257444831921259e-02,0.000000000000000e+00,-1.331987942759172e-03,1.329603467125051e-03
1.811730344345328e-05,2.262750281090508e-02,0.000000000000000e+00,-1.331972354577148e-03,1.334345777146971e-03
1.816530344345328e-05,2.257469032349701e-02,0.000000000000000e+00,-1.331987871675500e-03,1.329625451662025e-03
1.821330344345328e-05,2.262725412025276e-02,0.000000000000000e+00,-1.331972427666576e-03,1.334323896843862e-03
1.826130344345328e-05,2.257493012577779e-02,0.000000000000000e+00,-1.331987801238426e-03,1.329647232848118e-03
1.830930344345328e-05,2.262700776516163e-02,0.000000000000000e+00,-1.331972500069407e-03,1.334302218906306e-03
1.835730344345328e-05,2.257516774574744e-02,0.000000000000000e+00,-1.331987731442171e-03,1.329668812564116e-03
1.840530344345328e-05,2.262676372338466e-02,0.000000000000000e+00,-1.331972571792183e-03,1.334280741463032e-03
1.845330344345328e-05,2.257540320292700e-02,0.000000000000000e+00,-1.331987662281007e-03,1.329690192673392e-03
1.850130344345328e-05,2.262652197289174e-02,0.000000000000000e+00,-1.331972642841385e-03,1.334259462660065e-03
1.854930344345328e-05,2.257563651667066e-02,0.000000000000000e+00,-1.331987593749253e-03,1.329711375022091e-03
1.859730344345329e-05,2.262628249186945e-02,0.000000000000000e+00,-1.331972713223428e-03,1.334238380660561e-03
1.864530344345329e-05,2.257586770616621e-02,0.000000000000000e+00,-1.331987525841279e-03,1.329732361439306e-03
1.869330344345329e-05,2.262604525871554e-02,0.000000000000000e+00,-1.331972782944665e-03,1.334217493644665e-03
1.874130344345329e-05,2.257609679043407e-02,0.000000000000000e+00,-1.331987458551502e-03,1.329753153737185e-03
1.878930344345329e-05,2.262581025203959e-02,0.000000000000000e+00,-1.331972852011388e-03,1.334196799809326e-03
1.883730344345329e-05,2.257632378833219e-02,0.000000000000000e+00,-1.331987391874389e-03,1.329773753711188e-03
1.888530344345329e-05,2.262557745066072e-02,0.000000000000000e+00,-1.331972920429826e-03,1.334176297368172e-03
1.893330344345329e-05,2.257654871855411e-02,0.000000000000000e+00,-1.331987325804454e-03,1.329794163140090e-03
1.898130344345329e-05,2.262534683360364e-02,0.000000000000000e+00,-1.331972988206148e-03,1.334155984551339e-03
1.902930344345329e-05,2.257677159963251e-02,0.000000000000000e+00,-1.331987260336257e-03,1.329814383786281e-03
1.907730344345329e-05,2.262511838009794e-02,0.000000000000000e+00,-1.331973055346464e-03,1.334135859605316e-03
1.912530344345329e-05,2.257699244993998e-02,0.000000000000000e+00,-1.331987195464406e-03,1.329834417395806e-03
1.917330344345329e-05,2.262489206957494e-02,0.000000000000000e+00,-1.331973121856822e-03,1.334115920792794e-03
1.922130344345329e-05,2.257721128768886e-02,0.000000000000000e+00,-1.331987131183556e-03,1.329854265698613e-03
1.926930344345329e-05,2.262466788166700e-02,0.000000000000000e+00,-1.331973187743212e-03,1.334096166392550e-03
1.931730344345329e-05,2.257742813093386e-02,0.000000000000000e+00,-1.331987067488409e-03,1.329873930408606e-03
1.936530344345329e-05,2.262444579620570e-02,0.000000000000000e+00,-1.331973253011566e-03,1.334076594699242e-03
1.941330344345329e-05,2.257764299757479e-02,0.000000000000000e+00,-1.331987004373712e-03,1.329893413223892e-03
1.946130344345329e-05,2.262422579321701e-02,0.000000000000000e+00,-1.331973317667759e-03,1.334057204023291e-03
1.950930344345329e-05,2.257785590535357e-02,0.000000000000000e+00,-1.331986941834255e-03,1.329912715826834e-03
1.955730344345329e-05,2.262400785292283e-02,0.000000000000000e+00,-1.331973381717606e-03,1.334037992690755e-03
1.960530344345329e-05,2.257806687185989e-02,0.000000000000000e+00,-1.331986879864879e-03,1.329931839884251e-03
1.965330344345329e-05,2.262379195573629e-02,0.000000000000000e+00,-1.331973445166869e-03,1.334018959043150e-03
1.970130344345329e-05,2.257827591452952e-02,0.000000000000000e+00,-1.331986818460463e-03,1.329950787047565e-03
1.974930344345329e-05,2.262357808226160e-02,0.000000000000000e+00,-1.331973508021251e-03,1.334000101437337e-03
1.979730344345329e-05,2.257848305064715e-02,0.000000000000000e+00,-1.331986757615937e-03,1.329969558952899e-03
1.984530344345329e-05,2.262336621329178e-02,0.000000000000000e+00,-1.331973570286401e-03,1.333981418245355e-03
1.989330344345329e-05,2.257868829734760e-02,0.000000000000000e+00,-1.331986697326270e-03,1.329988157221270e-03
1.994130344345329e-05,2.262315632980525e-02,0.000000000000000e+00,-1.331973631967912e-03,1.333962907854283e-03
1.998930344345329e-05,2.257889167161516e-02,0.000000000000000e+00,-1.331986637586478e-03,1.330006583458701e-03
2.000000000000000e-05,2.262249824676756e-02,0.000000000000000e+00,-1.331973825852307e-03,1.333913113006804e-03
2.000022733624965e-05,4.049488286248633e-02,2.273362496549877e-02,-1.326609889101892e-03,9.335272935067764e-04
2.000068200874897e-05,8.359072087869658e-02,6.820087489683513e-02,-1.313720567220848e-03,7.589596471648864e-04
2.000159135374759e-05,1.758024794204875e-01,1.591353747595078e-01,-1.286168166960942e-03,8.268831670993158e-04
2.000276215798993e-05,2.916071927556247e-01,2.762157989929148e-01,-1.251558692551403e-03,7.217397141166745e-04
2.000510376647460e-05,5.262800919757578e-01,5.103766474597287e-01,-1.181448768305607e-03,7.090809979809036e-04
2.000978698344393e-05,9.928076473348274e-01,9.786983443933565e-01,-1.042118209573011e-03,5.183169808416661e-04
2.001915341738260e-05,1.926793817504814e+00,1.915341738260273e+00,-7.635065330399218e-04,2.901447229667620e-04
2.003788628525994e-05,3.575602918847213e+00,3.788628525994445e+00,-2.746307044506228e-04,-1.321765671384832e-04
2.005000000000000e-05,4.204290700121131e+00,5.000000000000000e+00,-9.587604912144937e-05,-1.630511858243108e-05
2.005352322496485e-05,4.266550184365027e+00,5.000000000000000e+00,-8.085040186382774e-05,-7.505419679462721e-06
2.006056967489456e-05,4.373471045360584e+00,5.000000000000000e+00,-6.301714355508824e-05,-3.642474700814942e-07
2.007466257475397e-05,4.529151489836813e+00,5.000000000000000e+00,-4.708537929386036e-05,-5.278067011367904e-10
2.010284837447280e-05,4.736216381586720e+00,5.000000000000000e+00,-2.637836211095821e-05,-5.846643659402217e-15
2.015084837447280e-05,4.907319239123832e+00,5.000000000000000e+00,-9.268076180296765e-06,8.899429834689744e-19
2.019884837447280e-05,4.967436457801838e+00,5.000000000000000e+00,-3.256354252378826e-06,8.767888813136140e-19
2.024684837447280e-05,4.988558723296886e+00,5.000000000000000e+00,-1.144127681752555e-06,1.906019048686397e-19
2.029484837447280e-05,4.995980059637031e+00,5.000000000000000e+00,-4.019940403168819e-07,-5.266850216998734e-20
2.034284837447280e-05,4.998587556123923e+00,5.000000000000000e+00,-1.412443890202487e-07,-4.599858694464628e-20
2.039084837447280e-05,4.999503703515380e+00,5.000000000000000e+00,-4.962964895831052e-08,-2.036793712171275e-20
2.043884837447280e-05,4.999825593131375e+00,5.000000000000000e+00,-1.744068703682638e-08,-7.717288545973305e-21
2.048684837447280e-05,4.999938689480119e+00,5.000000000000000e+00,-6.131052049298397e-09,-2.783883321084008e-21
2.053484837447281e-05,4.999978426034092e+00,5.000000000000000e+00,-2.157396612268228e-09,-9.884477147819022e-22
2.058284837447281e-05,4.999992387525681e+00,5.000000000000000e+00,-7.612474395421107e-10,-3.498806776746265e-22
2.063084837447281e-05,4.999997292914495e+00,5.000000000000000e+00,-2.707085531216888e-10,-1.245585321156887e-22
2.067884837447281e-05,4.999999016429441e+00,5.000000000000000e+00,-9.835705698253011e-11,-4.527385354818368e-23
2.072684837447281e-05,4.999999621988729e+00,5.000000000000000e+00,-3.780112757100634e-11,-1.740209402616804e-23
2.077484837447281e-05,4.999999834752797e+00,5.000000000000000e+00,-1.652472050254344e-11,-7.607316636195957e-24
2.082284837447281e-05,4.999999909507738e+00,5.000000000000000e+00,-9.049226103695351e-12,-4.165665256301123e-24
2.087084837447281e-05,4.999999935772989e+00,5.000000000000000e+00,-6.422701129618624e-12,-2.956554530345528e-24
2.091884837447281e-05,4.999999945001319e+00,5.000000000000000e+00,-5.499868139038910e-12,-2.532154068654318e-24
2.096684837447281e-05,4.999999948243705e+00,5.000000000000000e+00,-5.175629564681261e-12,-2.382458393469189e-24
2.101484837447281e-05,4.999999949382922e+00,5.000000000000000e+00,-5.061707780348867e-12,-2.330232153061871e-24
2.106284837447281e-05,4.999999949783188e+00,5.000000000000000e+00,-5.021681204545048e-12,-2.312361692545447e-24
2.111084837447281e-05,4.999999949923822e+00,5.000000000000000e+00,-5.007617801325304e-12,-2.305854428242085e-24
2.115884837447281e-05,4.999999949973233e+00,5.000000000000000e+00,-5.002676658344418e-12,-2.303137985714957e-24
2.120684837447281e-05,4.999999949990594e+00,5.000000000000000e+00,-5.000940633825834e-12,-2.302207376365829e-24
2.125484837447281e-05,4.999999949996694e+00,5.000000000000000e+00,-5.000330661683594e-12,-2.301249008973598e-24
2.130284837447281e-05,4.999999949998837e+00,5.000000000000000e+00,-5.000116314914094e-12,-2.301579048654820e-24
2.135084837447281e-05,4.999999949999590e+00,5.000000000000000e+00,-5.000040962863106e-12,-2.302387976209318e-24
2.139884837447281e-05,4.999999949999854e+00,5.000000000000000e+00,-5.000014616750315e-12,-2.301802937240483e-24
2.144684837447281e-05,4.999999949999947e+00,5.000000000000000e+00,-5.000005292611631e-12,-2.302015929684893e-24
2.149484837447281e-05,4.999999949999981e+00,5.000000000000000e+00,-5.000001931584896e-12,-2.302066515390440e-24
2.154284837447281e-05,4.999999949999992e+00,5.000000000000000e+00,-5.000000738962507e-12,-2.301814178508383e-24
2.159084837447281e-05,4.999999949999996e+00,5.000000000000000e+00,-5.000000413701855e-12,-2.301709753046054e-24
2.163884837447281e-05,4.999999949999996e+00,5.000000000000000e+00,-5.000000413701855e-12,-2.301666365696267e-24
2.168684837447281e-05,4.999999949999996e+00,5.000000000000000e+00,-5.000000413701855e-12,-2.301631557208824e-24
2.173484837447281e-05,4.999999949999996e+00,5.000000000000000e+00,-5.000000413701855e-12,-2.301631557208824e-24
2.178284837447281e-05,4.999999949999996e+00,5.000000000000000e+00,-5.000000413701855e-12,-2.301631557208824e-24
2.183084837447281e-05,4.999999949999996e+00,5.000000000000000e+00,-5.000000413701855e-12,-2.301631557208824e-24
2.187884837447281e-05,4.999999949999996e+00,5.000000000000000e+00,-5.000000413701855e-12,-2.301631557208824e-24
2.192684837447281e-05,4.999999949999996e+00,5.000000000000000e+00,-5.000000413701855e-12,-2.301631557208824e-24
2.197484837447281e-05,4.999999949999996e+00,5.000000000000000e+00,-5.000000413701855e-12,-2.301631557208824e-24
2.202284837447281e-05,4.999999949999996e+00,5.000000000000000e+00,-5.000000413701855e-12,-2.301631557208824e-24
2.207084837447281e-05,4.999999949999996e+00,5.000000000000000e+00,-5.000000413701855e-12,-2.301631557208824e-24
2.211884837447281e-05,4.999999949999996e+00,5.000000000000000e+00,-5.000000413701855e-12,-2.301631557208824e-24
2.216684837447281e-05,4.999999949999996e+00,5.000000000000000e+00,-5.000000413701855e-12,-2.301631557208824e-24
2.221484837447281e-05,4.999999949999996e+00,5.000000000000000e+00,-5.000000413701855e-12,-2.301631557208824e-24
2.226284837447281e-05,4.999999949999996e+00,5.000000000000000e+00,-5.000000413701855e-12,-2.301631557208824e-24
2.231084837447281e-05,4.999999949999996e+00,5.000000000000000e+00,-5.000000413701855e-12,-2.301631557208824e-24
2.235884837447281e-05,4.999999949999996e+00,5.000000000000000e+00,-5.000000413701855e-12,-2.301631557208824e-24
2.240684837447281e-05,4.999999949999996e+00,5.000000000000000e+00,-5.000000413701855e-12,-2.301631557208824e-24
2.245484837447281e-05,4.999999949999996e+00,5.000000000000000e+00,-5.000000413701855e-12,-2.301631557208824e-24
2.250284837447281e-05,4.999999949999996e+00,5.000000000000000e+00,-5.000000413701855e-12,-2.301631557208824e-24
2.255084837447281e-05,4.999999949999996e+00,5.000000000000000e+00,-5.000000413701855e-12,-2.301631557208824e-24
2.259884837447281e-05,4.999999949999996e+00,5.000000000000000e+00,-5.000000413701855e-12,-2.301631557208824e-24
2.264684837447281e-05,4.999999949999996e+00,5.000000000000000e+00,-5.000000413701855e-12,-2.301631557208824e-24
2.269484837447281e-05,4.999999949999996e+00,5.000000000000000e+00,-5.000000413701855e-12,-2.301631557208824e-24
2.274284837447282e-05,4.999999949999996e+00,5.000000000000000e+00,-5.000000413701855e-12,-2.301631557208824e-24
2.279084837447282e-05,4.999999949999996e+00,5.000000000000000e+00,-5.000000413701855e-12,-2.301631557208824e-24
2.283884837447282e-05,4.999999949999996e+00,5.000000000000000e+00,-5.000000413701855e-12,-2.301631557208824e-24
2.288684837447282e-05,4.999999949999996e+00,5.000000000000000e+00,-5.000000413701855e-12,-2.301631557208824e-24
2.293484837447282e-05,4.999999949999996e+00,5.000000000000000e+00,-5.000000413701855e-12,-2.301631557208824e-24
2.298284837447282e-05,4.999999949999996e+00,5.000000000000000e+00,-5.000000413701855e-12,-2.301631557208824e-24
2.303084837447282e-05,4.999999949999996e+00,5.000000000000000e+00,-5.000000413701855e-12,-2.301631557208824e-24
2.307884837447282e-05,4.999999949999996e+00,5.000000000000000e+00,-5.000000413701855e-12,-2.301631557208824e-24
2.312684837447282e-05,4.999999949999996e+00,5.000000000000000e+00,-5.000000413701855e-12,-2.301631557208824e-24
2.317484837447282e-05,4.999999949999996e+00,5.000000000000000e+00,-5.000000413701855e-12,-2.301631557208824e-24
2.322284837447282e-05,4.999999949999996e+00,5.000000000000000e+00,-5.000000413701855e-12,-2.301631557208824e-24
2.327084837447282e-05,4.999999949999996e+00,5.000000000000000e+00,-5.000000413701855e-12,-2.301631557208824e-24
2.331884837447282e-05,4.999999949999996e+00,5.000000000000000e+00,-5.000000413701855e-12,-2.301631557208824e-24
2.336684837447282e-05,4.999999949999996e+00,5.000000000000000e+00,-5.000000413701855e-12,-2.301631557208824e-24
2.341484837447282e-05,4.999999949999996e+00,5.000000000000000e+00,-5.000000413701855e-12,-2.301631557208824e-24
2.346284837447282e-05,4.999999949999996e+00,5.000000000000000e+00,-5.000000413701855e-12,-2.301631557208824e-24
2.351084837447282e-05,4.999999949999996e+00,5.000000000000000e+00,-5.000000413701855e-12,-2.301631557208824e-24
2.355884837447282e-05,4.999999949999996e+00,5.000000000000000e+00,-5.000000413701855e-12,-2.301631557208824e-24
2.360684837447282e-05,4.999999949999996e+00,5.000000000000000e+00,-5.000000413701855e-12,-2.301631557208824e-24
2.365484837447282e-05,4.999999949999996e+00,5.000000000000000e+00,-5.000000413701855e-12,-2.301631557208824e-24
2.370284837447282e-05,4.999999949999996e+00,5.000000000000000e+00,-5.000000413701855e-12,-2.301631557208824e-24
2.375084837447282e-05,4.999999949999996e+00,5.000000000000000e+00,-5.000000413701855e-12,-2.301631557208824e-24
2.379884837447282e-05,4.999999949999996e+00,5.000000000000000e+00,-5.000000413701855e-12,-2.301631557208824e-24
2.384684837447282e-05,4.999999949999996e+00,5.000000000000000e+00,-5.000000413701855e-12,-2.301631557208824e-24
2.389484837447282e-05,4.999999949999996e+00,5.000000000000000e+00,-5.000000413701855e-12,-2.301631557208824e-24
2.394284837447282e-05,4.999999949999996e+00,5.000000000000000e+00,-5.000000413701855e-12,-2.301631557208824e-24
2.399084837447282e-05,4.999999949999996e+00,5.000000000000000e+00,-5.000000413701855e-12,-2.301631557208824e-24
2.400000000000000e-05,4.999999949999994e+00,5.000000000000000e+00,-5.000000630542289e-12,-2.301631655816437e-24
